[{"model": "admin.logentry", "pk": 1, "fields": {"action_time": "2026-01-30T20:58:20.975Z", "user": 1, "content_type": 9, "object_id": "1", "object_repr": "dg fb (Drone)", "action_flag": 1, "change_message": "[{\"added\": {}}]"}}, {"model": "admin.logentry", "pk": 2, "fields": {"action_time": "2026-01-30T21:00:08.986Z", "user": 1, "content_type": 9, "object_id": "1", "object_repr": "dg fb (Drone)", "action_flag": 3, "change_message": ""}}, {"model": "admin.logentry", "pk": 3, "fields": {"action_time": "2026-01-30T21:53:26.835Z", "user": 1, "content_type": 7, "object_id": "1", "object_repr": "Сватбена Фотография", "action_flag": 1, "change_message": "[{\"added\": {}}]"}}, {"model": "admin.logentry", "pk": 4, "fields": {"action_time": "2026-01-30T21:56:49.894Z", "user": 1, "content_type": 7, "object_id": "2", "object_repr": "Abiturient", "action_flag": 1, "change_message": "[{\"added\": {}}]"}}, {"model": "admin.logentry", "pk": 5, "fields": {"action_time": "2026-01-30T22:12:13.596Z", "user": 1, "content_type": 7, "object_id": "2", "object_repr": "Abiturient", "action_flag": 3, "change_message": ""}}, {"model": "admin.logentry", "pk": 6, "fields": {"action_time": "2026-01-30T22:12:13.596Z", "user": 1, "content_type": 7, "object_id": "1", "object_repr": "Сватбена Фотография", "action_flag": 3, "change_message": ""}}, {"model": "admin.logentry", "pk": 7, "fields": {"action_time": "2026-01-30T22:13:03.783Z", "user": 1, "content_type": 7, "object_id": "5", "object_repr": "Сватбена", "action_flag": 1, "change_message": "[{\"added\": {}}]"}}, {"model": "admin.logentry", "pk": 8, "fields": {"action_time": "2026-01-30T22:18:34.583Z", "user": 1, "content_type": 7, "object_id": "5", "object_repr": "Сватбена", "action_flag": 3, "change_message": ""}}, {"model": "admin.logentry", "pk": 9, "fields": {"action_time": "2026-02-20T17:06:09.553Z", "user": 1, "content_type": 7, "object_id": "6", "object_repr": "Wedding photography", "action_flag": 1, "change_message": "[{\"added\": {}}]"}}, {"model": "admin.logentry", "pk": 10, "fields": {"action_time": "2026-02-20T17:06:22.917Z", "user": 1, "content_type": 7, "object_id": "7", "object_repr": "Family photography", "action_flag": 1, "change_message": "[{\"added\": {}}]"}}, {"model": "admin.logentry", "pk": 11, "fields": {"action_time": "2026-02-20T17:06:38.676Z", "user": 1, "content_type": 7, "object_id": "8", "object_repr": "Personal events", "action_flag": 1, "change_message": "[{\"added\": {}}]"}}, {"model": "admin.logentry", "pk": 12, "fields": {"action_time": "2026-02-20T17:06:50.655Z", "user": 1, "content_type": 7, "object_id": "9", "object_repr": "Corporate events", "action_flag": 1, "change_message": "[{\"added\": {}}]"}}, {"model": "admin.logentry", "pk": 13, "fields": {"action_time": "2026-02-20T17:07:05.806Z", "user": 1, "content_type": 7, "object_id": "10", "object_repr": "Videography", "action_flag": 1, "change_message": "[{\"added\": {}}]"}}, {"model": "admin.logentry", "pk": 14, "fields": {"action_time": "2026-02-20T17:07:42.642Z", "user": 1, "content_type": 7, "object_id": "11", "object_repr": "Drone photography-videography", "action_flag": 1, "change_message": "[{\"added\": {}}]"}}, {"model": "admin.logentry", "pk": 15, "fields": {"action_time": "2026-02-20T17:10:36.309Z", "user": 1, "content_type": 8, "object_id": "1", "object_repr": "Evelin & Valentin", "action_flag": 1, "change_message": "[{\"added\": {}}]"}}, {"model": "admin.logentry", "pk": 16, "fields": {"action_time": "2026-02-20T17:11:25.571Z", "user": 1, "content_type": 8, "object_id": "2", "object_repr": "The baptism of Elina", "action_flag": 1, "change_message": "[{\"added\": {}}]"}}, {"model": "admin.logentry", "pk": 17, "fields": {"action_time": "2026-02-20T17:11:53.715Z", "user": 1, "content_type": 8, "object_id": "3", "object_repr": "Autumn family session", "action_flag": 1, "change_message": "[{\"added\": {}}]"}}, {"model": "admin.logentry", "pk": 18, "fields": {"action_time": "2026-02-20T17:12:32.776Z", "user": 1, "content_type": 8, "object_id": "4", "object_repr": "Anna’s birthday", "action_flag": 1, "change_message": "[{\"added\": {}}]"}}, {"model": "admin.logentry", "pk": 19, "fields": {"action_time": "2026-02-20T17:13:04.011Z", "user": 1, "content_type": 8, "object_id": "5", "object_repr": "Ivaila’s prom", "action_flag": 1, "change_message": "[{\"added\": {}}]"}}, {"model": "admin.logentry", "pk": 20, "fields": {"action_time": "2026-02-20T17:13:35.822Z", "user": 1, "content_type": 8, "object_id": "6", "object_repr": "Patyka", "action_flag": 1, "change_message": "[{\"added\": {}}]"}}, {"model": "admin.logentry", "pk": 21, "fields": {"action_time": "2026-02-20T17:15:04.894Z", "user": 1, "content_type": 8, "object_id": "4", "object_repr": "Anna’s birthday", "action_flag": 2, "change_message": "[{\"changed\": {\"fields\": [\"Is featured\"]}}]"}}, {"model": "admin.logentry", "pk": 22, "fields": {"action_time": "2026-02-20T17:15:13.676Z", "user": 1, "content_type": 8, "object_id": "6", "object_repr": "Patyka", "action_flag": 2, "change_message": "[{\"changed\": {\"fields\": [\"Is featured\"]}}]"}}, {"model": "admin.logentry", "pk": 23, "fields": {"action_time": "2026-02-20T17:15:22.516Z", "user": 1, "content_type": 8, "object_id": "3", "object_repr": "Autumn family session", "action_flag": 2, "change_message": "[{\"changed\": {\"fields\": [\"Is featured\"]}}]"}}, {"model": "admin.logentry", "pk": 24, "fields": {"action_time": "2026-02-20T17:15:30.378Z", "user": 1, "content_type": 8, "object_id": "2", "object_repr": "The baptism of Elina", "action_flag": 2, "change_message": "[{\"changed\": {\"fields\": [\"Is featured\"]}}]"}}, {"model": "admin.logentry", "pk": 25, "fields": {"action_time": "2026-02-20T17:15:37.695Z", "user": 1, "content_type": 8, "object_id": "1", "object_repr": "Evelin & Valentin", "action_flag": 2, "change_message": "[{\"changed\": {\"fields\": [\"Is featured\"]}}]"}}, {"model": "admin.logentry", "pk": 26, "fields": {"action_time": "2026-02-20T17:58:21.025Z", "user": 1, "content_type": 9, "object_id": "1", "object_repr": "Sony A7 IV (Camera)", "action_flag": 1, "change_message": "[{\"added\": {}}]"}}, {"model": "admin.logentry", "pk": 27, "fields": {"action_time": "2026-02-20T18:14:07.212Z", "user": 1, "content_type": 9, "object_id": "1", "object_repr": "Sony A7 IV (Camera)", "action_flag": 3, "change_message": ""}}, {"model": "admin.logentry", "pk": 28, "fields": {"action_time": "2026-02-20T18:14:28.624Z", "user": 1, "content_type": 9, "object_id": "4", "object_repr": "Sony A7 IV (Camera)", "action_flag": 1, "change_message": "[{\"added\": {}}]"}}, {"model": "admin.logentry", "pk": 29, "fields": {"action_time": "2026-02-20T18:14:57.888Z", "user": 1, "content_type": 9, "object_id": "5", "object_repr": "Sony 35mm f1.4GM (Lens)", "action_flag": 1, "change_message": "[{\"added\": {}}]"}}, {"model": "admin.logentry", "pk": 30, "fields": {"action_time": "2026-02-20T18:16:05.782Z", "user": 1, "content_type": 9, "object_id": "6", "object_repr": "Sony 85mm f1.4GM (Lens)", "action_flag": 1, "change_message": "[{\"added\": {}}]"}}, {"model": "admin.logentry", "pk": 31, "fields": {"action_time": "2026-02-20T18:16:52.117Z", "user": 1, "content_type": 9, "object_id": "7", "object_repr": "Godox V1S (Lighting)", "action_flag": 1, "change_message": "[{\"added\": {}}]"}}, {"model": "admin.logentry", "pk": 32, "fields": {"action_time": "2026-02-20T18:17:13.385Z", "user": 1, "content_type": 9, "object_id": "8", "object_repr": "DJI mini 2 (Drone)", "action_flag": 1, "change_message": "[{\"added\": {}}]"}}, {"model": "admin.logentry", "pk": 33, "fields": {"action_time": "2026-02-20T18:18:14.173Z", "user": 1, "content_type": 9, "object_id": "9", "object_repr": "Sony A7 IV (Camera)", "action_flag": 1, "change_message": "[{\"added\": {}}]"}}, {"model": "admin.logentry", "pk": 34, "fields": {"action_time": "2026-02-21T11:04:01.185Z", "user": 1, "content_type": 7, "object_id": "6", "object_repr": "Wedding photography", "action_flag": 2, "change_message": "[{\"changed\": {\"fields\": [\"Cover image\"]}}]"}}, {"model": "admin.logentry", "pk": 35, "fields": {"action_time": "2026-02-21T11:04:59.613Z", "user": 1, "content_type": 8, "object_id": "9", "object_repr": "Alina & Petar", "action_flag": 2, "change_message": "[{\"changed\": {\"fields\": [\"Cover image\"]}}]"}}, {"model": "admin.logentry", "pk": 36, "fields": {"action_time": "2026-02-21T11:05:24.361Z", "user": 1, "content_type": 8, "object_id": "9", "object_repr": "Alina & Petar", "action_flag": 2, "change_message": "[{\"changed\": {\"fields\": [\"Is featured\"]}}]"}}, {"model": "admin.logentry", "pk": 37, "fields": {"action_time": "2026-02-21T11:05:40.961Z", "user": 1, "content_type": 8, "object_id": "1", "object_repr": "Evelin & Valentin", "action_flag": 2, "change_message": "[{\"changed\": {\"fields\": [\"Cover image\"]}}]"}}, {"model": "admin.logentry", "pk": 38, "fields": {"action_time": "2026-02-21T11:05:53.145Z", "user": 1, "content_type": 8, "object_id": "6", "object_repr": "Patyka", "action_flag": 2, "change_message": "[{\"changed\": {\"fields\": [\"Is featured\"]}}]"}}, {"model": "admin.logentry", "pk": 39, "fields": {"action_time": "2026-02-21T11:06:13.972Z", "user": 1, "content_type": 8, "object_id": "5", "object_repr": "Ivaila’s prom", "action_flag": 2, "change_message": "[{\"changed\": {\"fields\": [\"Is featured\"]}}]"}}, {"model": "admin.logentry", "pk": 40, "fields": {"action_time": "2026-02-21T11:07:03.702Z", "user": 1, "content_type": 8, "object_id": "1", "object_repr": "Evelin & Valentin", "action_flag": 2, "change_message": "[{\"changed\": {\"fields\": [\"Location\"]}}]"}}, {"model": "admin.logentry", "pk": 41, "fields": {"action_time": "2026-02-21T11:07:31.036Z", "user": 1, "content_type": 8, "object_id": "1", "object_repr": "Evelin & Valentin", "action_flag": 2, "change_message": "[]"}}, {"model": "admin.logentry", "pk": 42, "fields": {"action_time": "2026-02-21T11:18:12.801Z", "user": 1, "content_type": 8, "object_id": "3", "object_repr": "Autumn family session", "action_flag": 2, "change_message": "[{\"changed\": {\"fields\": [\"Cover image\"]}}]"}}, {"model": "admin.logentry", "pk": 43, "fields": {"action_time": "2026-02-21T11:18:56.308Z", "user": 1, "content_type": 8, "object_id": "2", "object_repr": "The baptism of Elina", "action_flag": 2, "change_message": "[{\"changed\": {\"fields\": [\"Cover image\"]}}]"}}, {"model": "admin.logentry", "pk": 44, "fields": {"action_time": "2026-02-21T11:21:57.562Z", "user": 1, "content_type": 7, "object_id": "7", "object_repr": "Family photography", "action_flag": 2, "change_message": "[{\"changed\": {\"fields\": [\"Cover image\"]}}]"}}, {"model": "admin.logentry", "pk": 45, "fields": {"action_time": "2026-02-21T11:27:54.034Z", "user": 1, "content_type": 7, "object_id": "8", "object_repr": "Personal events", "action_flag": 2, "change_message": "[{\"changed\": {\"fields\": [\"Cover image\"]}}]"}}, {"model": "admin.logentry", "pk": 46, "fields": {"action_time": "2026-02-21T11:28:17.222Z", "user": 1, "content_type": 8, "object_id": "8", "object_repr": "Anna’s birthday", "action_flag": 2, "change_message": "[{\"changed\": {\"fields\": [\"Cover image\"]}}]"}}, {"model": "admin.logentry", "pk": 47, "fields": {"action_time": "2026-02-21T11:28:49.136Z", "user": 1, "content_type": 8, "object_id": "5", "object_repr": "Ivaila’s prom", "action_flag": 2, "change_message": "[{\"changed\": {\"fields\": [\"Cover image\"]}}]"}}, {"model": "admin.logentry", "pk": 48, "fields": {"action_time": "2026-02-21T11:32:51.452Z", "user": 1, "content_type": 7, "object_id": "9", "object_repr": "Corporate events", "action_flag": 2, "change_message": "[{\"changed\": {\"fields\": [\"Cover image\"]}}]"}}, {"model": "admin.logentry", "pk": 49, "fields": {"action_time": "2026-02-21T11:33:08.247Z", "user": 1, "content_type": 8, "object_id": "6", "object_repr": "Patyka", "action_flag": 2, "change_message": "[{\"changed\": {\"fields\": [\"Cover image\"]}}]"}}, {"model": "admin.logentry", "pk": 50, "fields": {"action_time": "2026-02-21T11:41:58.810Z", "user": 1, "content_type": 7, "object_id": "11", "object_repr": "Drone photography-videography", "action_flag": 2, "change_message": "[{\"changed\": {\"fields\": [\"Cover image\"]}}]"}}, {"model": "admin.logentry", "pk": 51, "fields": {"action_time": "2026-02-21T14:59:58.551Z", "user": 1, "content_type": 10, "object_id": "5", "object_repr": "Ivana Petrova - 2026-05-24 (Confirmed)", "action_flag": 2, "change_message": "[{\"changed\": {\"fields\": [\"Status\"]}}]"}}, {"model": "admin.logentry", "pk": 52, "fields": {"action_time": "2026-03-04T19:53:56.461Z", "user": 1, "content_type": 8, "object_id": "13", "object_repr": "Newborn session — Sofia", "action_flag": 2, "change_message": "[{\"changed\": {\"fields\": [\"Cover image\"]}}]"}}, {"model": "admin.logentry", "pk": 53, "fields": {"action_time": "2026-03-04T19:56:00.774Z", "user": 1, "content_type": 8, "object_id": "3", "object_repr": "Autumn family session", "action_flag": 2, "change_message": "[{\"changed\": {\"fields\": [\"Cover image\"]}}]"}}, {"model": "admin.logentry", "pk": 54, "fields": {"action_time": "2026-03-04T19:57:29.360Z", "user": 1, "content_type": 8, "object_id": "11", "object_repr": "City lights — highlight film", "action_flag": 2, "change_message": "[{\"changed\": {\"fields\": [\"Cover image\"]}}]"}}, {"model": "admin.logentry", "pk": 55, "fields": {"action_time": "2026-03-04T19:59:25.060Z", "user": 1, "content_type": 7, "object_id": "10", "object_repr": "Videography", "action_flag": 2, "change_message": "[{\"changed\": {\"fields\": [\"Cover image\"]}}]"}}, {"model": "admin.logentry", "pk": 56, "fields": {"action_time": "2026-03-04T19:59:40.940Z", "user": 1, "content_type": 7, "object_id": "13", "object_repr": "Real estate photography", "action_flag": 2, "change_message": "[{\"changed\": {\"fields\": [\"Cover image\"]}}]"}}, {"model": "admin.logentry", "pk": 57, "fields": {"action_time": "2026-03-04T20:03:57.942Z", "user": 1, "content_type": 7, "object_id": "6", "object_repr": "Wedding photography", "action_flag": 2, "change_message": "[{\"changed\": {\"fields\": [\"Cover image\"]}}]"}}, {"model": "admin.logentry", "pk": 58, "fields": {"action_time": "2026-03-04T20:04:19.626Z", "user": 1, "content_type": 7, "object_id": "14", "object_repr": "Commercial product photography", "action_flag": 2, "change_message": "[{\"changed\": {\"fields\": [\"Cover image\"]}}]"}}, {"model": "admin.logentry", "pk": 59, "fields": {"action_time": "2026-03-04T20:04:37.061Z", "user": 1, "content_type": 7, "object_id": "9", "object_repr": "Corporate events", "action_flag": 2, "change_message": "[]"}}, {"model": "admin.logentry", "pk": 60, "fields": {"action_time": "2026-03-04T20:04:50.792Z", "user": 1, "content_type": 7, "object_id": "15", "object_repr": "Creative portraits", "action_flag": 2, "change_message": "[{\"changed\": {\"fields\": [\"Cover image\"]}}]"}}, {"model": "admin.logentry", "pk": 61, "fields": {"action_time": "2026-03-04T20:04:59.735Z", "user": 1, "content_type": 7, "object_id": "11", "object_repr": "Drone photography & videography", "action_flag": 2, "change_message": "[]"}}, {"model": "admin.logentry", "pk": 62, "fields": {"action_time": "2026-03-04T20:05:11.146Z", "user": 1, "content_type": 7, "object_id": "7", "object_repr": "Family photography", "action_flag": 2, "change_message": "[]"}}, {"model": "admin.logentry", "pk": 63, "fields": {"action_time": "2026-03-04T20:07:26.600Z", "user": 1, "content_type": 7, "object_id": "12", "object_repr": "Maternity photography", "action_flag": 2, "change_message": "[{\"changed\": {\"fields\": [\"Cover image\"]}}]"}}, {"model": "admin.logentry", "pk": 64, "fields": {"action_time": "2026-03-04T20:09:03.094Z", "user": 1, "content_type": 7, "object_id": "8", "object_repr": "Personal events", "action_flag": 2, "change_message": "[{\"changed\": {\"fields\": [\"Cover image\"]}}]"}}, {"model": "admin.logentry", "pk": 65, "fields": {"action_time": "2026-03-04T20:12:45.029Z", "user": 1, "content_type": 11, "object_id": "6", "object_repr": "Drone photography - €150.00 per 1 hours", "action_flag": 3, "change_message": ""}}, {"model": "admin.logentry", "pk": 66, "fields": {"action_time": "2026-03-04T20:13:05.476Z", "user": 1, "content_type": 11, "object_id": "9", "object_repr": "Corporate event coverage - €550.00 per 6 hours", "action_flag": 3, "change_message": ""}}, {"model": "admin.logentry", "pk": 67, "fields": {"action_time": "2026-03-04T20:14:08.184Z", "user": 1, "content_type": 11, "object_id": "21", "object_repr": "Drone videography - €350.00 per 1 hours", "action_flag": 2, "change_message": "[{\"changed\": {\"fields\": [\"Name\", \"Description\"]}}]"}}, {"model": "admin.logentry", "pk": 68, "fields": {"action_time": "2026-03-04T20:18:30.820Z", "user": 1, "content_type": 8, "object_id": "9", "object_repr": "Alina & Petar", "action_flag": 2, "change_message": "[{\"changed\": {\"fields\": [\"Cover image\"]}}]"}}, {"model": "admin.logentry", "pk": 69, "fields": {"action_time": "2026-03-04T20:20:54.105Z", "user": 1, "content_type": 8, "object_id": "1", "object_repr": "Evelin & Valentin", "action_flag": 2, "change_message": "[{\"changed\": {\"fields\": [\"Cover image\"]}}]"}}, {"model": "admin.logentry", "pk": 70, "fields": {"action_time": "2026-03-04T20:21:19.774Z", "user": 1, "content_type": 8, "object_id": "12", "object_repr": "Engagement session — Plovdiv", "action_flag": 2, "change_message": "[{\"changed\": {\"fields\": [\"Cover image\"]}}]"}}, {"model": "admin.logentry", "pk": 71, "fields": {"action_time": "2026-03-04T20:37:51.720Z", "user": 1, "content_type": 8, "object_id": "26", "object_repr": "Modern Loft Interior", "action_flag": 2, "change_message": "[{\"changed\": {\"fields\": [\"Cover image\"]}}]"}}, {"model": "admin.logentry", "pk": 72, "fields": {"action_time": "2026-03-04T20:39:00.869Z", "user": 1, "content_type": 8, "object_id": "25", "object_repr": "Golden Hour Maternity", "action_flag": 2, "change_message": "[{\"changed\": {\"fields\": [\"Cover image\"]}}]"}}, {"model": "admin.logentry", "pk": 73, "fields": {"action_time": "2026-03-04T20:40:03.058Z", "user": 1, "content_type": 8, "object_id": "27", "object_repr": "Skincare Brand Campaign", "action_flag": 2, "change_message": "[{\"changed\": {\"fields\": [\"Cover image\"]}}]"}}, {"model": "admin.logentry", "pk": 74, "fields": {"action_time": "2026-03-04T20:40:43.044Z", "user": 1, "content_type": 8, "object_id": "28", "object_repr": "Urban Creative Portraits", "action_flag": 2, "change_message": "[{\"changed\": {\"fields\": [\"Cover image\"]}}]"}}, {"model": "admin.logentry", "pk": 75, "fields": {"action_time": "2026-03-04T20:42:35.162Z", "user": 1, "content_type": 8, "object_id": "16", "object_repr": "Autumn family session", "action_flag": 2, "change_message": "[{\"changed\": {\"fields\": [\"Cover image\"]}}]"}}, {"model": "admin.logentry", "pk": 76, "fields": {"action_time": "2026-03-04T20:50:54.821Z", "user": 1, "content_type": 10, "object_id": "3", "object_repr": " 1 - 2026-03-21 (Pending)", "action_flag": 3, "change_message": ""}}, {"model": "admin.logentry", "pk": 77, "fields": {"action_time": "2026-03-04T20:51:51.806Z", "user": 1, "content_type": 10, "object_id": "5", "object_repr": "Ivana Petrova - 2026-05-24 (Confirmed)", "action_flag": 3, "change_message": ""}}, {"model": "admin.logentry", "pk": 78, "fields": {"action_time": "2026-03-04T20:51:51.806Z", "user": 1, "content_type": 10, "object_id": "4", "object_repr": "Ivan Petrov - 2026-05-30 (Pending)", "action_flag": 3, "change_message": ""}}, {"model": "admin.logentry", "pk": 79, "fields": {"action_time": "2026-03-04T20:51:51.806Z", "user": 1, "content_type": 10, "object_id": "2", "object_repr": " 1 - 2026-02-28 (Pending)", "action_flag": 3, "change_message": ""}}, {"model": "admin.logentry", "pk": 80, "fields": {"action_time": "2026-03-04T20:51:51.806Z", "user": 1, "content_type": 10, "object_id": "1", "object_repr": " 1 - 2026-02-28 (Pending)", "action_flag": 3, "change_message": ""}}, {"model": "admin.logentry", "pk": 81, "fields": {"action_time": "2026-03-04T20:54:13.581Z", "user": 1, "content_type": 11, "object_id": "26", "object_repr": "Highlight film (3–5 min) - €400.00 per 2 hours", "action_flag": 2, "change_message": "[{\"changed\": {\"fields\": [\"Price\", \"Duration hours\", \"Max photos included\"]}}]"}}, {"model": "admin.logentry", "pk": 82, "fields": {"action_time": "2026-03-04T20:54:52.038Z", "user": 1, "content_type": 8, "object_id": "18", "object_repr": "Anna's birthday", "action_flag": 2, "change_message": "[{\"changed\": {\"fields\": [\"Is featured\"]}}]"}}, {"model": "admin.logentry", "pk": 83, "fields": {"action_time": "2026-03-04T20:54:59.642Z", "user": 1, "content_type": 8, "object_id": "20", "object_repr": "Patyka — product launch", "action_flag": 2, "change_message": "[{\"changed\": {\"fields\": [\"Is featured\"]}}]"}}, {"model": "auth.user", "pk": 1, "fields": {"password": "pbkdf2_sha256$1200000$ivOKyNzU6zISRhFqveqke5$zZxN40rZv6vyc8JT7vqx1qRdbPlTSCwa/2N7ANHDQtI=", "last_login": "2026-03-04T19:06:00.038Z", "is_superuser": true, "username": "admin", "first_name": "", "last_name": "", "email": "admin@admin.com", "is_staff": true, "is_active": true, "date_joined": "2026-01-30T20:35:47.728Z", "groups": [], "user_permissions": []}}, {"model": "sessions.session", "pk": "0tpnu0x6ig6fip3zxu09z2c7bbf46igy", "fields": {"session_data": ".eJxVjMsOgjAQAP9lz6ZZ-oJy9O43NNvt1qIGEgon478bEg56nZnMGyLtW417kzVOGUbo4PLLEvFT5kPkB833RfEyb-uU1JGo0zZ1W7K8rmf7N6jUKozQCxUfkiAa7WzSAbNFX7x31hXymNkGNgnZiWY0jjRyVwbqpQzBiYHPF9s8N8g:1vxrXk:nJWuQ-xvFhXmV2tj0QJlCIdB4ZgLA65-PRI3NikFWsc", "expire_date": "2026-03-18T19:06:00.045Z"}}, {"model": "sessions.session", "pk": "j7wdjnexvwmrst66sw3mn0ivtjh6bnuh", "fields": {"session_data": ".eJxVjMsOgjAQAP9lz6ZZ-oJy9O43NNvt1qIGEgon478bEg56nZnMGyLtW417kzVOGUbo4PLLEvFT5kPkB833RfEyb-uU1JGo0zZ1W7K8rmf7N6jUKozQCxUfkiAa7WzSAbNFX7x31hXymNkGNgnZiWY0jjRyVwbqpQzBiYHPF9s8N8g:1vtklV:_63szxerJtaNIkJmlHPU2mdIPxTddRViJlTvF3jpOGM", "expire_date": "2026-03-07T11:03:13.818Z"}}, {"model": "sessions.session", "pk": "w2q3sbbnx94093flym36b6qw7opqrg40", "fields": {"session_data": ".eJxVjMsOgjAQAP9lz6ZZ-oJy9O43NNvt1qIGEgon478bEg56nZnMGyLtW417kzVOGUbo4PLLEvFT5kPkB833RfEyb-uU1JGo0zZ1W7K8rmf7N6jUKozQCxUfkiAa7WzSAbNFX7x31hXymNkGNgnZiWY0jjRyVwbqpQzBiYHPF9s8N8g:1vlvEC:bx5wQv1pGbxpTzHG2juRNwoXryqYkG63MkXXDqv7GvA", "expire_date": "2026-02-13T20:36:28.454Z"}}, {"model": "bookings.servicepackage", "pk": 4, "fields": {"description": "Some pictures from the Air", "is_active": true, "name": "Drone photography", "price": "150.00", "duration_hours": 1, "max_photos_included": 40, "category": 7}}, {"model": "bookings.servicepackage", "pk": 20, "fields": {"description": "Some pictures in good vibes", "is_active": true, "name": "Birthday", "price": "200.00", "duration_hours": 2, "max_photos_included": 70, "category": 8}}, {"model": "bookings.servicepackage", "pk": 21, "fields": {"description": "Drone videography", "is_active": true, "name": "Drone videography", "price": "350.00", "duration_hours": 1, "max_photos_included": 40, "category": 11}}, {"model": "bookings.servicepackage", "pk": 22, "fields": {"description": "Your happy day", "is_active": true, "name": "Wedding photography", "price": "750.00", "duration_hours": 8, "max_photos_included": 400, "category": 6}}, {"model": "bookings.servicepackage", "pk": 23, "fields": {"description": "Extended coverage for bigger weddings.", "is_active": true, "name": "Wedding Premium", "price": "950.00", "duration_hours": 10, "max_photos_included": 550, "category": 6}}, {"model": "bookings.servicepackage", "pk": 24, "fields": {"description": "Relaxed family session ideal for golden hour.", "is_active": true, "name": "Family session", "price": "220.00", "duration_hours": 2, "max_photos_included": 80, "category": 7}}, {"model": "bookings.servicepackage", "pk": 25, "fields": {"description": "Conference and corporate coverage.", "is_active": true, "name": "Corporate events", "price": "550.00", "duration_hours": 6, "max_photos_included": 220, "category": 9}}, {"model": "bookings.servicepackage", "pk": 26, "fields": {"description": "Cinematic highlight film with clean audio.", "is_active": true, "name": "Highlight film (3–5 min)", "price": "400.00", "duration_hours": 2, "max_photos_included": 30, "category": 10}}, {"model": "bookings.servicepackage", "pk": 27, "fields": {"description": "Interior architectural photography with wide-angle compositions.", "is_active": true, "name": "Real estate Interior", "price": "260.00", "duration_hours": 2, "max_photos_included": 35, "category": 13}}, {"model": "bookings.bookingrequest", "pk": 6, "fields": {"created_at": "2026-02-21T15:36:46.817Z", "updated_at": "2026-02-21T15:36:46.817Z", "first_name": "Stavri", "last_name": "Karapetrov", "email": "alabala@gmail.com", "phone": "0878908524", "city": "Elin Pelin", "event_date": "2026-03-28", "package": 4, "message": "Fly in the Air", "heard_from": "other", "status": "pending", "internal_notes": ""}}, {"model": "bookings.bookingrequest", "pk": 15, "fields": {"created_at": "2026-03-04T19:52:19.627Z", "updated_at": "2026-03-04T19:52:19.627Z", "first_name": "Alina", "last_name": "Georgieva", "email": "alina.georgieva@example.com", "phone": "08787908324", "city": "Plovdiv", "event_date": "2026-02-28", "package": 22, "message": "Hi! We’re looking for full-day wedding coverage. Can we schedule a call this week?", "heard_from": "instagram", "status": "pending", "internal_notes": "Requested a meeting; propose 2 time slots and send pricing PDF."}}, {"model": "bookings.bookingrequest", "pk": 16, "fields": {"created_at": "2026-03-04T19:52:19.630Z", "updated_at": "2026-03-04T19:52:19.630Z", "first_name": "Dimitar", "last_name": "Nikolov", "email": "d.nikolov@example.com", "phone": "08787908329", "city": "Varna", "event_date": "2026-03-21", "package": 25, "message": "We need photo coverage for a small conference + speaker portraits.", "heard_from": "google", "status": "pending", "internal_notes": "Ask for agenda and brand guidelines."}}, {"model": "bookings.bookingrequest", "pk": 17, "fields": {"created_at": "2026-03-04T19:52:19.633Z", "updated_at": "2026-03-04T19:52:19.633Z", "first_name": "Ivan", "last_name": "Petrov", "email": "ivan.petrov@example.com", "phone": "08787654321", "city": "Lovech", "event_date": "2026-05-30", "package": 27, "message": "Interior architectural photography with wide-angle compositions.", "heard_from": "friend", "status": "pending", "internal_notes": "Architectural and interior photography for real estate listings."}}, {"model": "bookings.bookingrequest", "pk": 18, "fields": {"created_at": "2026-03-04T19:52:19.636Z", "updated_at": "2026-03-04T19:52:19.636Z", "first_name": "Ivana", "last_name": "Petrova", "email": "ivana.petrova@example.com", "phone": "08787908327", "city": "Lom", "event_date": "2026-05-24", "package": 20, "message": "Small indoor birthday party, about 20 guests.", "heard_from": "other", "status": "confirmed", "internal_notes": "Confirmed. Ask for address, parking and timeline."}}, {"model": "bookings.bookingrequest", "pk": 19, "fields": {"created_at": "2026-03-04T19:52:19.638Z", "updated_at": "2026-03-04T19:52:19.638Z", "first_name": "Stavri", "last_name": "Karapetrov", "email": "stavri.karapetrov@example.com", "phone": "08787908524", "city": "Elin Pelin", "event_date": "2026-03-28", "package": 21, "message": "We want drone flyover shots of a countryside venue for a short promo reel.", "heard_from": "google", "status": "pending", "internal_notes": "Confirm permissions/weather window; suggest 2-hour slot."}}, {"model": "inventory.equipment", "pk": 4, "fields": {"is_active": true, "brand": "Sony", "model": "A7 IV", "equipment_type": "camera", "specifications": "Full-frame mirrorless camera — primary workhorse for weddings and portraits.", "internal_id": "INV-D3410E41", "purchase_date": "2022-03-15", "notes": ""}}, {"model": "inventory.equipment", "pk": 5, "fields": {"is_active": true, "brand": "Sony", "model": "35mm f1.4GM", "equipment_type": "lens", "specifications": "Fast wide prime for environmental portraits and low-light.", "internal_id": "INV-BDAB7871", "purchase_date": "2021-09-02", "notes": ""}}, {"model": "inventory.equipment", "pk": 6, "fields": {"is_active": true, "brand": "Sony", "model": "85mm f1.4GM", "equipment_type": "lens", "specifications": "Short tele prime for portraits with creamy bokeh.", "internal_id": "INV-FD2362EF", "purchase_date": "2020-05-12", "notes": ""}}, {"model": "inventory.equipment", "pk": 7, "fields": {"is_active": true, "brand": "Godox", "model": "V1S", "equipment_type": "lighting", "specifications": "Round-head on-camera flash for flattering light; TTL-capable.", "internal_id": "INV-25951949", "purchase_date": "2019-11-20", "notes": ""}}, {"model": "inventory.equipment", "pk": 8, "fields": {"is_active": true, "brand": "DJI", "model": "mini 2", "equipment_type": "drone", "specifications": "Compact drone used for quick aerial establishing shots.", "internal_id": "INV-487A7435", "purchase_date": "2019-02-07", "notes": ""}}, {"model": "inventory.equipment", "pk": 9, "fields": {"is_active": true, "brand": "Sony", "model": "A7 IV", "equipment_type": "camera", "specifications": "Secondary full-frame mirrorless body for multi-camera coverage.", "internal_id": "INV-B029B494", "purchase_date": "2022-04-10", "notes": ""}}, {"model": "inventory.equipment", "pk": 10, "fields": {"is_active": true, "brand": "DJI", "model": "Mavic 3", "equipment_type": "drone", "specifications": "Professional drone for aerial photography and smooth cinematic shots.", "internal_id": "INV-1C77B0AA", "purchase_date": "2022-06-01", "notes": ""}}, {"model": "inventory.equipment", "pk": 11, "fields": {"is_active": true, "brand": "Zhiyun", "model": "Crane 3", "equipment_type": "other", "specifications": "3-axis gimbal for smooth video movement and highlight films.", "internal_id": "INV-9A12C0F1", "purchase_date": "2020-08-09", "notes": ""}}, {"model": "inventory.equipment", "pk": 12, "fields": {"is_active": true, "brand": "Godox", "model": "AD200", "equipment_type": "lighting", "specifications": "Compact strobe for fast-paced events and off-camera flash setups.", "internal_id": "INV-73F1B9D2", "purchase_date": "2018-12-05", "notes": ""}}, {"model": "inventory.equipment", "pk": 13, "fields": {"is_active": true, "brand": "Generic", "model": "Accessory Placeholder", "equipment_type": "other", "specifications": "Placeholder accessory entry for future equipment.", "internal_id": "INV-PLACEHOLDER-010", "purchase_date": "2023-01-01", "notes": "Placeholder"}}, {"model": "productions.category", "pk": 6, "fields": {"slug": "wedding-photography", "description": "Elegant wedding storytelling — preparations, ceremony, portraits, and reception.", "name": "Wedding photography", "cover_image": "category_covers/wedding_ceremony_2.png"}}, {"model": "productions.category", "pk": 7, "fields": {"slug": "family-photography", "description": "Warm, candid family sessions — outdoors or at home.", "name": "Family photography", "cover_image": "category_covers/family_photography.png"}}, {"model": "productions.category", "pk": 8, "fields": {"slug": "personal-events", "description": "Birthdays, baptisms, proms, and private celebrations.", "name": "Personal events", "cover_image": "category_covers/personal_events_1.png"}}, {"model": "productions.category", "pk": 9, "fields": {"slug": "corporate-events", "description": "Conference coverage, brand activations, product launches, and team events.", "name": "Corporate events", "cover_image": "category_covers/corporate_event_1.png"}}, {"model": "productions.category", "pk": 10, "fields": {"slug": "videography", "description": "Short films, highlight reels and event videos with clean audio and cinematic motion.", "name": "Videography", "cover_image": "category_covers/videography.png"}}, {"model": "productions.category", "pk": 11, "fields": {"slug": "drone-photography-videography", "description": "Aerial perspectives for venues, resorts, landscapes and events.", "name": "Drone photography & videography", "cover_image": "category_covers/drone_photography.JPG"}}, {"model": "productions.category", "pk": 12, "fields": {"slug": "maternity-photography", "description": "Emotional maternity sessions capturing the beauty of pregnancy.", "name": "Maternity photography", "cover_image": "category_covers/maternity_1.png"}}, {"model": "productions.category", "pk": 13, "fields": {"slug": "real-estate-photography", "description": "Professional architectural and interior photography for real estate listings.", "name": "Real estate photography", "cover_image": "category_covers/real_estate.png"}}, {"model": "productions.category", "pk": 14, "fields": {"slug": "commercial-product-photography", "description": "Clean, high-end product photography for brands and e-commerce.", "name": "Commercial product photography", "cover_image": "category_covers/commercial.png"}}, {"model": "productions.category", "pk": 15, "fields": {"slug": "creative-portraits", "description": "Editorial and personal branding portrait sessions.", "name": "Creative portraits", "cover_image": "category_covers/creative_portraits.png"}}, {"model": "productions.production", "pk": 14, "fields": {"created_at": "2026-03-04T20:34:29.454Z", "updated_at": "2026-03-04T20:34:29.454Z", "slug": "alina-petar", "description": "Full-day wedding coverage — preparations, ceremony, couple portraits, and reception highlights.", "title": "Alina & Petar", "category": 6, "date_created": "2025-06-07", "location": "Sofia", "short_description": "A classic Sofia wedding with elegant portraits.", "cover_image": "production_covers/wedding_ceremony_1.png", "video_url": "", "is_featured": true, "equipment": [7, 5, 6, 9, 4]}}, {"model": "productions.production", "pk": 15, "fields": {"created_at": "2026-03-04T20:34:29.463Z", "updated_at": "2026-03-04T20:34:29.463Z", "slug": "evelin-valentin", "description": "A destination wedding story with soft tones and editorial approach.", "title": "Evelin & Valentin", "category": 6, "date_created": "2025-06-06", "location": "Paris", "short_description": "Paris city romance with editorial-style portraits.", "cover_image": "production_covers/wedding_ceremony_4.png", "video_url": "", "is_featured": true, "equipment": [7, 5, 6, 4]}}, {"model": "productions.production", "pk": 16, "fields": {"created_at": "2026-03-04T20:34:29.467Z", "updated_at": "2026-03-04T20:42:35.155Z", "slug": "autumn-family-session", "description": "Outdoor family session in autumn light focusing on real interactions and laughter.", "title": "Autumn family session", "category": 7, "date_created": "2025-09-19", "location": "Plovdiv", "short_description": "Golden hour family session with warm autumn colors.", "cover_image": "production_covers/аutumn_family_session_BFY4SYo.png", "video_url": "", "is_featured": true, "equipment": [5, 6, 9]}}, {"model": "productions.production", "pk": 17, "fields": {"created_at": "2026-03-04T20:34:29.469Z", "updated_at": "2026-03-04T20:34:29.469Z", "slug": "the-baptism-of-elina", "description": "Baptism coverage with focus on family and tradition; gentle documentary coverage and portraits.", "title": "The baptism of Elina", "category": 8, "date_created": "2025-07-11", "location": "Sofia", "short_description": "A tender family celebration with ceremony details.", "cover_image": "production_covers/baptism.png", "video_url": "", "is_featured": true, "equipment": [10, 7, 6, 4]}}, {"model": "productions.production", "pk": 18, "fields": {"created_at": "2026-03-04T20:34:29.472Z", "updated_at": "2026-03-04T20:54:52.036Z", "slug": "annas-birthday", "description": "Birthday party coverage — guests, decorations, cake moment and dance highlights.", "title": "Anna's birthday", "category": 8, "date_created": "2026-02-21", "location": "Sofia", "short_description": "A lively birthday party with flash bounce and dance-floor energy.", "cover_image": "production_covers/birthday.png", "video_url": "", "is_featured": true, "equipment": [7, 6, 9]}}, {"model": "productions.production", "pk": 19, "fields": {"created_at": "2026-03-04T20:34:29.476Z", "updated_at": "2026-03-04T20:34:29.476Z", "slug": "ivailas-prom", "description": "Prom portrait session — editorial portraits and candid family moments.", "title": "Ivaila's prom", "category": 8, "date_created": "2025-05-24", "location": "Varna", "short_description": "Prom portraits with a cinematic look and styling details.", "cover_image": "production_covers/prom.png", "video_url": "", "is_featured": true, "equipment": [7, 6, 4]}}, {"model": "productions.production", "pk": 20, "fields": {"created_at": "2026-03-04T20:34:29.480Z", "updated_at": "2026-03-04T20:54:59.640Z", "slug": "patyka", "description": "Event coverage for a product launch — venue details, speakers, and guest interactions.", "title": "Patyka — product launch", "category": 9, "date_created": "2025-10-17", "location": "Sofia", "short_description": "Corporate product launch coverage with brand visuals.", "cover_image": "production_covers/corporate_event_2.png", "video_url": "", "is_featured": true, "equipment": [10, 12, 5, 4]}}, {"model": "productions.production", "pk": 21, "fields": {"created_at": "2026-03-04T20:34:29.482Z", "updated_at": "2026-03-04T20:34:29.482Z", "slug": "drone-videography", "description": "Drone session focused on landscape movement and smooth transitions for reels.", "title": "Drone videography", "category": 11, "date_created": "2026-02-21", "location": "Elin Pelin", "short_description": "Aerial establishing shots over countryside landscapes.", "cover_image": "production_covers/drone_photography.JPG", "video_url": "", "is_featured": true, "equipment": [10, 8]}}, {"model": "productions.production", "pk": 22, "fields": {"created_at": "2026-03-04T20:34:29.485Z", "updated_at": "2026-03-04T20:34:29.485Z", "slug": "city-lights-highlight-film", "description": "Short highlight film project combining handheld, gimbal and drone shots.", "title": "City lights — highlight film", "category": 10, "date_created": "2025-12-15", "location": "Sofia", "short_description": "Short cinematic highlight film with clean audio.", "cover_image": "production_covers/videography.png", "video_url": "", "is_featured": true, "equipment": [10, 4, 11]}}, {"model": "productions.production", "pk": 23, "fields": {"created_at": "2026-03-04T20:34:29.487Z", "updated_at": "2026-03-04T20:34:29.487Z", "slug": "engagement-session-plovdiv", "description": "Engagement session in the Plovdiv wine region with golden light and relaxed poses.", "title": "Engagement session — Plovdiv", "category": 6, "date_created": "2025-08-14", "location": "Plovdiv", "short_description": "Relaxed pre-wedding session at a vineyard.", "cover_image": "production_covers/engagement_session.png", "video_url": "", "is_featured": true, "equipment": [5, 6, 4]}}, {"model": "productions.production", "pk": 24, "fields": {"created_at": "2026-03-04T20:34:29.490Z", "updated_at": "2026-03-04T20:34:29.490Z", "slug": "newborn-session-sofia", "description": "Newborn session with macro details, wrapped poses, and family portraits.", "title": "Newborn session — Sofia", "category": 8, "date_created": "2025-11-03", "location": "Sofia", "short_description": "Tender studio newborn session with soft light.", "cover_image": "production_covers/newborn_session.png", "video_url": "", "is_featured": true, "equipment": [12, 6, 9]}}, {"model": "productions.production", "pk": 25, "fields": {"created_at": "2026-03-04T20:34:29.492Z", "updated_at": "2026-03-04T20:39:00.864Z", "slug": "golden-hour-maternity", "description": "A sunset maternity session focusing on natural movement and the beauty of motherhood.", "title": "Golden Hour Maternity", "category": 12, "date_created": "2025-09-15", "location": "Plovdiv", "short_description": "Emotional maternity session in a sunlit meadow.", "cover_image": "production_covers/maternity_session.png", "video_url": "", "is_featured": true, "equipment": [6, 4]}}, {"model": "productions.production", "pk": 26, "fields": {"created_at": "2026-03-04T20:34:29.495Z", "updated_at": "2026-03-04T20:37:51.715Z", "slug": "modern-loft-interior", "description": "Clean lines and natural light photography for high-end real estate marketing.", "title": "Modern Loft Interior", "category": 13, "date_created": "2025-11-10", "location": "Sofia", "short_description": "Architectural photography for a luxury city loft.", "cover_image": "production_covers/real_estate.png", "video_url": "", "is_featured": true, "equipment": [5, 4]}}, {"model": "productions.production", "pk": 27, "fields": {"created_at": "2026-03-04T20:34:29.500Z", "updated_at": "2026-03-04T20:40:03.054Z", "slug": "skincare-brand-campaign", "description": "Studio lighting and creative styling for commercial advertising.", "title": "Skincare Brand Campaign", "category": 14, "date_created": "2025-12-05", "location": "Studio", "short_description": "Minimalist product photography for a premium skincare line.", "cover_image": "production_covers/commercial.png", "video_url": "", "is_featured": true, "equipment": [12, 9]}}, {"model": "productions.production", "pk": 28, "fields": {"created_at": "2026-03-04T20:34:29.506Z", "updated_at": "2026-03-04T20:40:43.040Z", "slug": "urban-creative-portraits", "description": "A creative session exploring urban textures and dramatic lighting.", "title": "Urban Creative Portraits", "category": 15, "date_created": "2025-08-20", "location": "Sofia", "short_description": "Cinematic street portraits with a moody editorial feel.", "cover_image": "production_covers/creative_portraits.png", "video_url": "", "is_featured": true, "equipment": [6, 4]}}]
